{"RuleData": [{"Part2": "STICK", "Part1": "STICK", "Conn1": 8, "Conn2": 8}, {"Part2": "STICK", "Part1": "STICK", "Conn1": 8, "Conn2": 9}, {"Part2": "BRANCH", "Part1": "STICK", "Conn1": 8, "Conn2": 14}, {"Part2": "BRANCH", "Part1": "STICK", "Conn1": 8, "Conn2": 15}, {"Part2": "BRANCH", "Part1": "STICK", "Conn1": 8, "Conn2": 16}, {"Part2": "BRANCH", "Part1": "STICK", "Conn1": 8, "Conn2": 17}, {"Part2": "STICK", "Part1": "STICK", "Conn1": 9, "Conn2": 8}, {"Part2": "STICK", "Part1": "STICK", "Conn1": 9, "Conn2": 9}, {"Part2": "BRANCH", "Part1": "STICK", "Conn1": 9, "Conn2": 14}, {"Part2": "BRANCH", "Part1": "STICK", "Conn1": 9, "Conn2": 15}, {"Part2": "BRANCH", "Part1": "STICK", "Conn1": 9, "Conn2": 16}, {"Part2": "BRANCH", "Part1": "STICK", "Conn1": 9, "Conn2": 17}, {"Part2": "STICK", "Part1": "BRANCH", "Conn1": 14, "Conn2": 8}, {"Part2": "STICK", "Part1": "BRANCH", "Conn1": 14, "Conn2": 9}, {"Part2": "BRANCH", "Part1": "BRANCH", "Conn1": 14, "Conn2": 14}, {"Part2": "BRANCH", "Part1": "BRANCH", "Conn1": 14, "Conn2": 15}, {"Part2": "BRANCH", "Part1": "BRANCH", "Conn1": 14, "Conn2": 16}, {"Part2": "BRANCH", "Part1": "BRANCH", "Conn1": 14, "Conn2": 17}, {"Part2": "STICK", "Part1": "BRANCH", "Conn1": 15, "Conn2": 8}, {"Part2": "STICK", "Part1": "BRANCH", "Conn1": 15, "Conn2": 9}, {"Part2": "BRANCH", "Part1": "BRANCH", "Conn1": 15, "Conn2": 14}, {"Part2": "BRANCH", "Part1": "BRANCH", "Conn1": 15, "Conn2": 15}, {"Part2": "BRANCH", "Part1": "BRANCH", "Conn1": 15, "Conn2": 16}, {"Part2": "BRANCH", "Part1": "BRANCH", "Conn1": 15, "Conn2": 17}, {"Part2": "STICK", "Part1": "BRANCH", "Conn1": 16, "Conn2": 8}, {"Part2": "STICK", "Part1": "BRANCH", "Conn1": 16, "Conn2": 9}, {"Part2": "BRANCH", "Part1": "BRANCH", "Conn1": 16, "Conn2": 14}, {"Part2": "BRANCH", "Part1": "BRANCH", "Conn1": 16, "Conn2": 15}, {"Part2": "BRANCH", "Part1": "BRANCH", "Conn1": 16, "Conn2": 16}, {"Part2": "BRANCH", "Part1": "BRANCH", "Conn1": 16, "Conn2": 17}, {"Part2": "STICK", "Part1": "BRANCH", "Conn1": 17, "Conn2": 8}, {"Part2": "STICK", "Part1": "BRANCH", "Conn1": 17, "Conn2": 9}, {"Part2": "BRANCH", "Part1": "BRANCH", "Conn1": 17, "Conn2": 14}, {"Part2": "BRANCH", "Part1": "BRANCH", "Conn1": 17, "Conn2": 15}, {"Part2": "BRANCH", "Part1": "BRANCH", "Conn1": 17, "Conn2": 16}, {"Part2": "BRANCH", "Part1": "BRANCH", "Conn1": 17, "Conn2": 17}, {"Part2": "STICK", "Part1": "STICK", "Conn1": 0, "Conn2": 0}, {"Part2": "STICK", "Part1": "STICK", "Conn1": 0, "Conn2": 1}, {"Part2": "STICK", "Part1": "STICK", "Conn1": 0, "Conn2": 2}, {"Part2": "STICK", "Part1": "STICK", "Conn1": 0, "Conn2": 3}, {"Part2": "STICK", "Part1": "STICK", "Conn1": 0, "Conn2": 4}, {"Part2": "STICK", "Part1": "STICK", "Conn1": 0, "Conn2": 5}, {"Part2": "STICK", "Part1": "STICK", "Conn1": 0, "Conn2": 6}, {"Part2": "STICK", "Part1": "STICK", "Conn1": 0, "Conn2": 7}, {"Part2": "STICK", "Part1": "STICK", "Conn1": 1, "Conn2": 0}, {"Part2": "STICK", "Part1": "STICK", "Conn1": 1, "Conn2": 1}, {"Part2": "STICK", "Part1": "STICK", "Conn1": 1, "Conn2": 2}, {"Part2": "STICK", "Part1": "STICK", "Conn1": 1, "Conn2": 3}, {"Part2": "STICK", "Part1": "STICK", "Conn1": 1, "Conn2": 4}, {"Part2": "STICK", "Part1": "STICK", "Conn1": 1, "Conn2": 5}, {"Part2": "STICK", "Part1": "STICK", "Conn1": 1, "Conn2": 6}, {"Part2": "STICK", "Part1": "STICK", "Conn1": 1, "Conn2": 7}, {"Part2": "STICK", "Part1": "STICK", "Conn1": 2, "Conn2": 0}, {"Part2": "STICK", "Part1": "STICK", "Conn1": 2, "Conn2": 1}, {"Part2": "STICK", "Part1": "STICK", "Conn1": 2, "Conn2": 2}, {"Part2": "STICK", "Part1": "STICK", "Conn1": 2, "Conn2": 3}, {"Part2": "STICK", "Part1": "STICK", "Conn1": 2, "Conn2": 4}, {"Part2": "STICK", "Part1": "STICK", "Conn1": 2, "Conn2": 5}, {"Part2": "STICK", "Part1": "STICK", "Conn1": 2, "Conn2": 6}, {"Part2": "STICK", "Part1": "STICK", "Conn1": 2, "Conn2": 7}, {"Part2": "STICK", "Part1": "STICK", "Conn1": 3, "Conn2": 0}, {"Part2": "STICK", "Part1": "STICK", "Conn1": 3, "Conn2": 1}, {"Part2": "STICK", "Part1": "STICK", "Conn1": 3, "Conn2": 2}, {"Part2": "STICK", "Part1": "STICK", "Conn1": 3, "Conn2": 3}, {"Part2": "STICK", "Part1": "STICK", "Conn1": 3, "Conn2": 4}, {"Part2": "STICK", "Part1": "STICK", "Conn1": 3, "Conn2": 5}, {"Part2": "STICK", "Part1": "STICK", "Conn1": 3, "Conn2": 6}, {"Part2": "STICK", "Part1": "STICK", "Conn1": 3, "Conn2": 7}, {"Part2": "STICK", "Part1": "STICK", "Conn1": 4, "Conn2": 0}, {"Part2": "STICK", "Part1": "STICK", "Conn1": 4, "Conn2": 1}, {"Part2": "STICK", "Part1": "STICK", "Conn1": 4, "Conn2": 2}, {"Part2": "STICK", "Part1": "STICK", "Conn1": 4, "Conn2": 3}, {"Part2": "STICK", "Part1": "STICK", "Conn1": 4, "Conn2": 4}, {"Part2": "STICK", "Part1": "STICK", "Conn1": 4, "Conn2": 5}, {"Part2": "STICK", "Part1": "STICK", "Conn1": 4, "Conn2": 6}, {"Part2": "STICK", "Part1": "STICK", "Conn1": 4, "Conn2": 7}, {"Part2": "STICK", "Part1": "STICK", "Conn1": 5, "Conn2": 0}, {"Part2": "STICK", "Part1": "STICK", "Conn1": 5, "Conn2": 1}, {"Part2": "STICK", "Part1": "STICK", "Conn1": 5, "Conn2": 2}, {"Part2": "STICK", "Part1": "STICK", "Conn1": 5, "Conn2": 3}, {"Part2": "STICK", "Part1": "STICK", "Conn1": 5, "Conn2": 4}, {"Part2": "STICK", "Part1": "STICK", "Conn1": 5, "Conn2": 5}, {"Part2": "STICK", "Part1": "STICK", "Conn1": 5, "Conn2": 6}, {"Part2": "STICK", "Part1": "STICK", "Conn1": 5, "Conn2": 7}, {"Part2": "STICK", "Part1": "STICK", "Conn1": 6, "Conn2": 0}, {"Part2": "STICK", "Part1": "STICK", "Conn1": 6, "Conn2": 1}, {"Part2": "STICK", "Part1": "STICK", "Conn1": 6, "Conn2": 2}, {"Part2": "STICK", "Part1": "STICK", "Conn1": 6, "Conn2": 3}, {"Part2": "STICK", "Part1": "STICK", "Conn1": 6, "Conn2": 4}, {"Part2": "STICK", "Part1": "STICK", "Conn1": 6, "Conn2": 5}, {"Part2": "STICK", "Part1": "STICK", "Conn1": 6, "Conn2": 6}, {"Part2": "STICK", "Part1": "STICK", "Conn1": 6, "Conn2": 7}, {"Part2": "STICK", "Part1": "STICK", "Conn1": 7, "Conn2": 0}, {"Part2": "STICK", "Part1": "STICK", "Conn1": 7, "Conn2": 1}, {"Part2": "STICK", "Part1": "STICK", "Conn1": 7, "Conn2": 2}, {"Part2": "STICK", "Part1": "STICK", "Conn1": 7, "Conn2": 3}, {"Part2": "STICK", "Part1": "STICK", "Conn1": 7, "Conn2": 4}, {"Part2": "STICK", "Part1": "STICK", "Conn1": 7, "Conn2": 5}, {"Part2": "STICK", "Part1": "STICK", "Conn1": 7, "Conn2": 6}, {"Part2": "STICK", "Part1": "STICK", "Conn1": 7, "Conn2": 7}, {"Part2": "BRANCH", "Part1": "STICK", "Conn1": 0, "Conn2": 0}, {"Part2": "BRANCH", "Part1": "STICK", "Conn1": 0, "Conn2": 1}, {"Part2": "BRANCH", "Part1": "STICK", "Conn1": 0, "Conn2": 2}, {"Part2": "BRANCH", "Part1": "STICK", "Conn1": 0, "Conn2": 3}, {"Part2": "BRANCH", "Part1": "STICK", "Conn1": 0, "Conn2": 4}, {"Part2": "BRANCH", "Part1": "STICK", "Conn1": 1, "Conn2": 0}, {"Part2": "BRANCH", "Part1": "STICK", "Conn1": 1, "Conn2": 1}, {"Part2": "BRANCH", "Part1": "STICK", "Conn1": 1, "Conn2": 2}, {"Part2": "BRANCH", "Part1": "STICK", "Conn1": 1, "Conn2": 3}, {"Part2": "BRANCH", "Part1": "STICK", "Conn1": 1, "Conn2": 4}, {"Part2": "BRANCH", "Part1": "STICK", "Conn1": 2, "Conn2": 0}, {"Part2": "BRANCH", "Part1": "STICK", "Conn1": 2, "Conn2": 1}, {"Part2": "BRANCH", "Part1": "STICK", "Conn1": 2, "Conn2": 2}, {"Part2": "BRANCH", "Part1": "STICK", "Conn1": 2, "Conn2": 3}, {"Part2": "BRANCH", "Part1": "STICK", "Conn1": 2, "Conn2": 4}, {"Part2": "BRANCH", "Part1": "STICK", "Conn1": 3, "Conn2": 0}, {"Part2": "BRANCH", "Part1": "STICK", "Conn1": 3, "Conn2": 1}, {"Part2": "BRANCH", "Part1": "STICK", "Conn1": 3, "Conn2": 2}, {"Part2": "BRANCH", "Part1": "STICK", "Conn1": 3, "Conn2": 3}, {"Part2": "BRANCH", "Part1": "STICK", "Conn1": 3, "Conn2": 4}, {"Part2": "BRANCH", "Part1": "STICK", "Conn1": 4, "Conn2": 0}, {"Part2": "BRANCH", "Part1": "STICK", "Conn1": 4, "Conn2": 1}, {"Part2": "BRANCH", "Part1": "STICK", "Conn1": 4, "Conn2": 2}, {"Part2": "BRANCH", "Part1": "STICK", "Conn1": 4, "Conn2": 3}, {"Part2": "BRANCH", "Part1": "STICK", "Conn1": 4, "Conn2": 4}, {"Part2": "BRANCH", "Part1": "STICK", "Conn1": 5, "Conn2": 0}, {"Part2": "BRANCH", "Part1": "STICK", "Conn1": 5, "Conn2": 1}, {"Part2": "BRANCH", "Part1": "STICK", "Conn1": 5, "Conn2": 2}, {"Part2": "BRANCH", "Part1": "STICK", "Conn1": 5, "Conn2": 3}, {"Part2": "BRANCH", "Part1": "STICK", "Conn1": 5, "Conn2": 4}, {"Part2": "BRANCH", "Part1": "STICK", "Conn1": 6, "Conn2": 0}, {"Part2": "BRANCH", "Part1": "STICK", "Conn1": 6, "Conn2": 1}, {"Part2": "BRANCH", "Part1": "STICK", "Conn1": 6, "Conn2": 2}, {"Part2": "BRANCH", "Part1": "STICK", "Conn1": 6, "Conn2": 3}, {"Part2": "BRANCH", "Part1": "STICK", "Conn1": 6, "Conn2": 4}, {"Part2": "BRANCH", "Part1": "STICK", "Conn1": 7, "Conn2": 0}, {"Part2": "BRANCH", "Part1": "STICK", "Conn1": 7, "Conn2": 1}, {"Part2": "BRANCH", "Part1": "STICK", "Conn1": 7, "Conn2": 2}, {"Part2": "BRANCH", "Part1": "STICK", "Conn1": 7, "Conn2": 3}, {"Part2": "BRANCH", "Part1": "STICK", "Conn1": 7, "Conn2": 4}, {"Part2": "STICK", "Part1": "BRANCH", "Conn1": 0, "Conn2": 0}, {"Part2": "STICK", "Part1": "BRANCH", "Conn1": 0, "Conn2": 1}, {"Part2": "STICK", "Part1": "BRANCH", "Conn1": 0, "Conn2": 2}, {"Part2": "STICK", "Part1": "BRANCH", "Conn1": 0, "Conn2": 3}, {"Part2": "STICK", "Part1": "BRANCH", "Conn1": 0, "Conn2": 4}, {"Part2": "STICK", "Part1": "BRANCH", "Conn1": 0, "Conn2": 5}, {"Part2": "STICK", "Part1": "BRANCH", "Conn1": 0, "Conn2": 6}, {"Part2": "STICK", "Part1": "BRANCH", "Conn1": 0, "Conn2": 7}, {"Part2": "STICK", "Part1": "BRANCH", "Conn1": 1, "Conn2": 0}, {"Part2": "STICK", "Part1": "BRANCH", "Conn1": 1, "Conn2": 1}, {"Part2": "STICK", "Part1": "BRANCH", "Conn1": 1, "Conn2": 2}, {"Part2": "STICK", "Part1": "BRANCH", "Conn1": 1, "Conn2": 3}, {"Part2": "STICK", "Part1": "BRANCH", "Conn1": 1, "Conn2": 4}, {"Part2": "STICK", "Part1": "BRANCH", "Conn1": 1, "Conn2": 5}, {"Part2": "STICK", "Part1": "BRANCH", "Conn1": 1, "Conn2": 6}, {"Part2": "STICK", "Part1": "BRANCH", "Conn1": 1, "Conn2": 7}, {"Part2": "STICK", "Part1": "BRANCH", "Conn1": 2, "Conn2": 0}, {"Part2": "STICK", "Part1": "BRANCH", "Conn1": 2, "Conn2": 1}, {"Part2": "STICK", "Part1": "BRANCH", "Conn1": 2, "Conn2": 2}, {"Part2": "STICK", "Part1": "BRANCH", "Conn1": 2, "Conn2": 3}, {"Part2": "STICK", "Part1": "BRANCH", "Conn1": 2, "Conn2": 4}, {"Part2": "STICK", "Part1": "BRANCH", "Conn1": 2, "Conn2": 5}, {"Part2": "STICK", "Part1": "BRANCH", "Conn1": 2, "Conn2": 6}, {"Part2": "STICK", "Part1": "BRANCH", "Conn1": 2, "Conn2": 7}, {"Part2": "STICK", "Part1": "BRANCH", "Conn1": 3, "Conn2": 0}, {"Part2": "STICK", "Part1": "BRANCH", "Conn1": 3, "Conn2": 1}, {"Part2": "STICK", "Part1": "BRANCH", "Conn1": 3, "Conn2": 2}, {"Part2": "STICK", "Part1": "BRANCH", "Conn1": 3, "Conn2": 3}, {"Part2": "STICK", "Part1": "BRANCH", "Conn1": 3, "Conn2": 4}, {"Part2": "STICK", "Part1": "BRANCH", "Conn1": 3, "Conn2": 5}, {"Part2": "STICK", "Part1": "BRANCH", "Conn1": 3, "Conn2": 6}, {"Part2": "STICK", "Part1": "BRANCH", "Conn1": 3, "Conn2": 7}, {"Part2": "STICK", "Part1": "BRANCH", "Conn1": 4, "Conn2": 0}, {"Part2": "STICK", "Part1": "BRANCH", "Conn1": 4, "Conn2": 1}, {"Part2": "STICK", "Part1": "BRANCH", "Conn1": 4, "Conn2": 2}, {"Part2": "STICK", "Part1": "BRANCH", "Conn1": 4, "Conn2": 3}, {"Part2": "STICK", "Part1": "BRANCH", "Conn1": 4, "Conn2": 4}, {"Part2": "STICK", "Part1": "BRANCH", "Conn1": 4, "Conn2": 5}, {"Part2": "STICK", "Part1": "BRANCH", "Conn1": 4, "Conn2": 6}, {"Part2": "STICK", "Part1": "BRANCH", "Conn1": 4, "Conn2": 7}, {"Part2": "BRANCH", "Part1": "BRANCH", "Conn1": 5, "Conn2": 5}, {"Part2": "BRANCH", "Part1": "BRANCH", "Conn1": 5, "Conn2": 6}, {"Part2": "BRANCH", "Part1": "BRANCH", "Conn1": 5, "Conn2": 7}, {"Part2": "BRANCH", "Part1": "BRANCH", "Conn1": 5, "Conn2": 8}, {"Part2": "BRANCH", "Part1": "BRANCH", "Conn1": 5, "Conn2": 9}, {"Part2": "BRANCH", "Part1": "BRANCH", "Conn1": 5, "Conn2": 10}, {"Part2": "BRANCH", "Part1": "BRANCH", "Conn1": 5, "Conn2": 11}, {"Part2": "BRANCH", "Part1": "BRANCH", "Conn1": 5, "Conn2": 12}, {"Part2": "BRANCH", "Part1": "BRANCH", "Conn1": 5, "Conn2": 13}, {"Part2": "BRANCH", "Part1": "BRANCH", "Conn1": 6, "Conn2": 5}, {"Part2": "BRANCH", "Part1": "BRANCH", "Conn1": 6, "Conn2": 6}, {"Part2": "BRANCH", "Part1": "BRANCH", "Conn1": 6, "Conn2": 7}, {"Part2": "BRANCH", "Part1": "BRANCH", "Conn1": 6, "Conn2": 8}, {"Part2": "BRANCH", "Part1": "BRANCH", "Conn1": 6, "Conn2": 9}, {"Part2": "BRANCH", "Part1": "BRANCH", "Conn1": 6, "Conn2": 10}, {"Part2": "BRANCH", "Part1": "BRANCH", "Conn1": 6, "Conn2": 11}, {"Part2": "BRANCH", "Part1": "BRANCH", "Conn1": 6, "Conn2": 12}, {"Part2": "BRANCH", "Part1": "BRANCH", "Conn1": 6, "Conn2": 13}, {"Part2": "BRANCH", "Part1": "BRANCH", "Conn1": 7, "Conn2": 5}, {"Part2": "BRANCH", "Part1": "BRANCH", "Conn1": 7, "Conn2": 6}, {"Part2": "BRANCH", "Part1": "BRANCH", "Conn1": 7, "Conn2": 7}, {"Part2": "BRANCH", "Part1": "BRANCH", "Conn1": 7, "Conn2": 8}, {"Part2": "BRANCH", "Part1": "BRANCH", "Conn1": 7, "Conn2": 9}, {"Part2": "BRANCH", "Part1": "BRANCH", "Conn1": 7, "Conn2": 10}, {"Part2": "BRANCH", "Part1": "BRANCH", "Conn1": 7, "Conn2": 11}, {"Part2": "BRANCH", "Part1": "BRANCH", "Conn1": 7, "Conn2": 12}, {"Part2": "BRANCH", "Part1": "BRANCH", "Conn1": 7, "Conn2": 13}, {"Part2": "BRANCH", "Part1": "BRANCH", "Conn1": 8, "Conn2": 5}, {"Part2": "BRANCH", "Part1": "BRANCH", "Conn1": 8, "Conn2": 6}, {"Part2": "BRANCH", "Part1": "BRANCH", "Conn1": 8, "Conn2": 7}, {"Part2": "BRANCH", "Part1": "BRANCH", "Conn1": 8, "Conn2": 8}, {"Part2": "BRANCH", "Part1": "BRANCH", "Conn1": 8, "Conn2": 9}, {"Part2": "BRANCH", "Part1": "BRANCH", "Conn1": 8, "Conn2": 10}, {"Part2": "BRANCH", "Part1": "BRANCH", "Conn1": 8, "Conn2": 11}, {"Part2": "BRANCH", "Part1": "BRANCH", "Conn1": 8, "Conn2": 12}, {"Part2": "BRANCH", "Part1": "BRANCH", "Conn1": 8, "Conn2": 13}, {"Part2": "BRANCH", "Part1": "BRANCH", "Conn1": 9, "Conn2": 5}, {"Part2": "BRANCH", "Part1": "BRANCH", "Conn1": 9, "Conn2": 6}, {"Part2": "BRANCH", "Part1": "BRANCH", "Conn1": 9, "Conn2": 7}, {"Part2": "BRANCH", "Part1": "BRANCH", "Conn1": 9, "Conn2": 8}, {"Part2": "BRANCH", "Part1": "BRANCH", "Conn1": 9, "Conn2": 9}, {"Part2": "BRANCH", "Part1": "BRANCH", "Conn1": 9, "Conn2": 10}, {"Part2": "BRANCH", "Part1": "BRANCH", "Conn1": 9, "Conn2": 11}, {"Part2": "BRANCH", "Part1": "BRANCH", "Conn1": 9, "Conn2": 12}, {"Part2": "BRANCH", "Part1": "BRANCH", "Conn1": 9, "Conn2": 13}, {"Part2": "BRANCH", "Part1": "BRANCH", "Conn1": 10, "Conn2": 5}, {"Part2": "BRANCH", "Part1": "BRANCH", "Conn1": 10, "Conn2": 6}, {"Part2": "BRANCH", "Part1": "BRANCH", "Conn1": 10, "Conn2": 7}, {"Part2": "BRANCH", "Part1": "BRANCH", "Conn1": 10, "Conn2": 8}, {"Part2": "BRANCH", "Part1": "BRANCH", "Conn1": 10, "Conn2": 9}, {"Part2": "BRANCH", "Part1": "BRANCH", "Conn1": 10, "Conn2": 10}, {"Part2": "BRANCH", "Part1": "BRANCH", "Conn1": 10, "Conn2": 11}, {"Part2": "BRANCH", "Part1": "BRANCH", "Conn1": 10, "Conn2": 12}, {"Part2": "BRANCH", "Part1": "BRANCH", "Conn1": 10, "Conn2": 13}, {"Part2": "BRANCH", "Part1": "BRANCH", "Conn1": 11, "Conn2": 5}, {"Part2": "BRANCH", "Part1": "BRANCH", "Conn1": 11, "Conn2": 6}, {"Part2": "BRANCH", "Part1": "BRANCH", "Conn1": 11, "Conn2": 7}, {"Part2": "BRANCH", "Part1": "BRANCH", "Conn1": 11, "Conn2": 8}, {"Part2": "BRANCH", "Part1": "BRANCH", "Conn1": 11, "Conn2": 9}, {"Part2": "BRANCH", "Part1": "BRANCH", "Conn1": 11, "Conn2": 10}, {"Part2": "BRANCH", "Part1": "BRANCH", "Conn1": 11, "Conn2": 11}, {"Part2": "BRANCH", "Part1": "BRANCH", "Conn1": 11, "Conn2": 12}, {"Part2": "BRANCH", "Part1": "BRANCH", "Conn1": 11, "Conn2": 13}, {"Part2": "BRANCH", "Part1": "BRANCH", "Conn1": 12, "Conn2": 5}, {"Part2": "BRANCH", "Part1": "BRANCH", "Conn1": 12, "Conn2": 6}, {"Part2": "BRANCH", "Part1": "BRANCH", "Conn1": 12, "Conn2": 7}, {"Part2": "BRANCH", "Part1": "BRANCH", "Conn1": 12, "Conn2": 8}, {"Part2": "BRANCH", "Part1": "BRANCH", "Conn1": 12, "Conn2": 9}, {"Part2": "BRANCH", "Part1": "BRANCH", "Conn1": 12, "Conn2": 10}, {"Part2": "BRANCH", "Part1": "BRANCH", "Conn1": 12, "Conn2": 11}, {"Part2": "BRANCH", "Part1": "BRANCH", "Conn1": 12, "Conn2": 12}, {"Part2": "BRANCH", "Part1": "BRANCH", "Conn1": 12, "Conn2": 13}, {"Part2": "BRANCH", "Part1": "BRANCH", "Conn1": 13, "Conn2": 5}, {"Part2": "BRANCH", "Part1": "BRANCH", "Conn1": 13, "Conn2": 6}, {"Part2": "BRANCH", "Part1": "BRANCH", "Conn1": 13, "Conn2": 7}, {"Part2": "BRANCH", "Part1": "BRANCH", "Conn1": 13, "Conn2": 8}, {"Part2": "BRANCH", "Part1": "BRANCH", "Conn1": 13, "Conn2": 9}, {"Part2": "BRANCH", "Part1": "BRANCH", "Conn1": 13, "Conn2": 10}, {"Part2": "BRANCH", "Part1": "BRANCH", "Conn1": 13, "Conn2": 11}, {"Part2": "BRANCH", "Part1": "BRANCH", "Conn1": 13, "Conn2": 12}, {"Part2": "BRANCH", "Part1": "BRANCH", "Conn1": 13, "Conn2": 13}], "RuleGroupsData": [{"RuleGroupName": "ENDS", "RuleGrammar": ["END>END"]}, {"RuleGroupName": "SIDES", "RuleGrammar": ["END>END", "SIDE>SIDE", "SIDE>LONGSIDE", "LONGSIDE>SIDE", "SHORTSIDE>SHORTSIDE"]}], "PartData": [{"Connections": [{"ConType": "SIDE", "PlaneYVecY": -1.8369095307335659e-16, "PlaneXVecY": -1.0, "PlaneXVecX": -1.8369095307335708e-16, "ConID": 0, "PlaneXVecZ": 4.7704895589362166e-16, "PlaneOriginZ": 0.043301269179769009, "PlaneYVecX": 1.0, "PlaneOriginX": -2.755846106872184e-09, "PlaneOriginY": -0.049999986641030891, "Part": "STICK", "PlaneYVecZ": 1.0408340855860837e-15}, {"ConType": "SIDE", "PlaneYVecY": -1.8369095307335659e-16, "PlaneXVecY": -1.0, "PlaneXVecX": -1.8369095307335691e-16, "ConID": 1, "PlaneXVecZ": 4.7704895589362175e-16, "PlaneOriginZ": 0.043301269179768898, "PlaneYVecX": 1.0, "PlaneOriginX": -2.755846106872184e-09, "PlaneOriginY": 0.050000013358969086, "Part": "STICK", "PlaneYVecZ": 6.9388939039072333e-16}, {"ConType": "SIDE", "PlaneYVecY": 6.1230317691118863e-17, "PlaneXVecY": 1.0, "PlaneXVecX": 6.1230317691119196e-17, "ConID": 2, "PlaneXVecZ": -4.7704895589362185e-16, "PlaneOriginZ": 0.043301269179768898, "PlaneYVecX": -1.0, "PlaneOriginX": -2.755846106872184e-09, "PlaneOriginY": 0.10000001335896913, "Part": "STICK", "PlaneYVecZ": -6.9388939039072274e-16}, {"ConType": "SIDE", "PlaneYVecY": 9.1628654364569073e-18, "PlaneXVecY": 1.0, "PlaneXVecX": 2.2204460492503131e-16, "ConID": 3, "PlaneXVecZ": -1.3877787807814457e-16, "PlaneOriginZ": -0.021650636104063842, "PlaneYVecX": 0.50000000000000067, "PlaneOriginX": 0.037499997244153871, "PlaneOriginY": -0.14999998664103092, "Part": "STICK", "PlaneYVecZ": 0.86602540378443837}, {"ConType": "SIDE", "PlaneYVecY": 1.8369095307335669e-16, "PlaneXVecY": 1.0, "PlaneXVecX": 9.5943848305466622e-17, "ConID": 4, "PlaneXVecZ": -2.6750124905545274e-16, "PlaneOriginZ": -0.021650636104064036, "PlaneYVecX": 0.50000000000000089, "PlaneOriginX": 0.037499997244153871, "PlaneOriginY": 0.15000001335896906, "Part": "STICK", "PlaneYVecZ": 0.86602540378443826}, {"ConType": "SIDE", "PlaneYVecY": 1.4930819167841007e-15, "PlaneXVecY": -1.0, "PlaneXVecX": -5.2119376858147575e-16, "ConID": 5, "PlaneXVecZ": 1.4231511305644549e-15, "PlaneOriginZ": -0.021650636104063953, "PlaneYVecX": -0.49999999999999956, "PlaneOriginX": -0.037500002755846085, "PlaneOriginY": -0.099999986641030991, "Part": "STICK", "PlaneYVecZ": 0.86602540378443904}, {"ConType": "SIDE", "PlaneYVecY": 3.8285889215894375e-16, "PlaneXVecY": -1.0, "PlaneXVecX": 3.3917743731102003e-17, "ConID": 6, "PlaneXVecZ": 4.6166978737267263e-16, "PlaneOriginZ": -0.021650636104063981, "PlaneYVecX": -0.49999999999999983, "PlaneOriginX": -0.037500002755846085, "PlaneOriginY": 1.3358969042087665e-08, "Part": "STICK", "PlaneYVecZ": 0.86602540378443871}, {"ConType": "SIDE", "PlaneYVecY": 1.8369095307335656e-16, "PlaneXVecY": 1.0, "PlaneXVecX": -2.9841373386303733e-16, "ConID": 7, "PlaneXVecZ": 3.9818792833496957e-17, "PlaneOriginZ": -0.021650636104064092, "PlaneYVecX": 0.49999999999999928, "PlaneOriginX": -0.037500002755846085, "PlaneOriginY": 0.15000001335896906, "Part": "STICK", "PlaneYVecZ": -0.86602540378443904}, {"ConType": "END", "PlaneYVecY": 6.1181377655213894e-32, "PlaneXVecY": 4.9960036108132044e-16, "PlaneXVecX": 1.2246063538223773e-16, "ConID": 8, "PlaneXVecZ": 1.0, "PlaneOriginZ": -1.0094528823945126e-09, "PlaneYVecX": -1.0, "PlaneOriginX": -2.755846106872184e-09, "PlaneOriginY": -0.19999998664103097, "Part": "STICK", "PlaneYVecZ": 1.2246063538223773e-16}, {"ConType": "END", "PlaneYVecY": 0.0, "PlaneXVecY": 4.9960036108132044e-16, "PlaneXVecX": 0.0, "ConID": 9, "PlaneXVecZ": 1.0, "PlaneOriginZ": -1.0094530766835419e-09, "PlaneYVecX": 1.0, "PlaneOriginX": -2.755846106872184e-09, "PlaneOriginY": 0.20000001335896911, "Part": "STICK", "PlaneYVecZ": 0.0}], "Name": "STICK", "Probability": 0.29999999999999999, "Collider": "\no Col_STICK_0\nv 0.05 -0.2 -7.45058e-09\nv 0.05 0.2 -7.45058e-09\nv 0.025 -0.2 -0.0433013\nv 0.025 0.2 -0.0433013\nv 0.025 -0.0666667 -0.0433013\nv 0.025 0.0666667 -0.0433013\nv 0.05 0.1 -7.45058e-09\nv 0.05 0.0 -7.45058e-09\nv 0.05 -0.1 -7.45058e-09\nv 0.025 -0.2 -0.0433013\nv 0.025 0.2 -0.0433013\nv -0.025 -0.2 -0.0433013\nv -0.025 0.0 -0.0433013\nv -0.025 0.2 -0.0433013\nv 0.025 0.0666667 -0.0433013\nv 0.025 -0.0666667 -0.0433013\nv -0.025 -0.1 -0.0433013\nv -0.025 0.1 -0.0433013\nv -0.025 -0.2 -0.0433013\nv -0.025 0.2 -0.0433013\nv -0.05 -0.2 -7.45058e-09\nv -0.05 0.2 -7.45058e-09\nv -0.025 0.1 -0.0433013\nv -0.025 0.0 -0.0433013\nv -0.025 -0.1 -0.0433013\nv -0.05 -0.1 -7.45058e-09\nv -0.05 0.0 -7.45058e-09\nv -0.05 0.1 -7.45058e-09\nv -0.05 -0.2 -7.45058e-09\nv -0.05 0.2 -7.45058e-09\nv -0.025 -0.2 0.0433013\nv -0.025 0.2 0.0433013\nv -0.05 0.1 -7.45058e-09\nv -0.05 0.0 -7.45058e-09\nv -0.05 -0.1 -7.45058e-09\nv -0.025 -0.0666667 0.0433013\nv -0.025 0.0666667 0.0433013\nv -0.025 -0.2 0.0433013\nv -0.025 0.2 0.0433013\nv 0.025 -0.2 0.0433013\nv 0.025 0.2 0.0433013\nv -0.025 0.0666667 0.0433013\nv -0.025 -0.0666667 0.0433013\nv 0.025 -0.1 0.0433013\nv 0.025 0.0 0.0433013\nv 0.025 0.1 0.0433013\nv 0.025 -0.2 0.0433013\nv 0.025 0.2 0.0433013\nv 0.05 -0.2 -7.45058e-09\nv 0.05 0.2 -7.45058e-09\nv 0.05 -0.1 -7.45058e-09\nv 0.05 0.0 -7.45058e-09\nv 0.05 0.1 -7.45058e-09\nv 0.025 0.1 0.0433013\nv 0.025 0.0 0.0433013\nv 0.025 -0.1 0.0433013\nv 0.05 -0.2 -7.45058e-09\nv 0.025 -0.2 -0.0433013\nv -0.025 -0.2 -0.0433013\nv -0.05 -0.2 -7.45058e-09\nv -0.025 -0.2 0.0433013\nv 0.025 -0.2 0.0433013\nv 0.05 0.2 -7.45058e-09\nv 0.025 0.2 -0.0433013\nv -0.025 0.2 -0.0433013\nv -0.05 0.2 -7.45058e-09\nv -0.025 0.2 0.0433013\nv 0.025 0.2 0.0433013\nf 9 1 3\nf 9 3 5\nf 6 7 8\nf 8 9 5\nf 5 6 8\nf 2 7 6\nf 2 6 4\nf 16 10 12\nf 16 12 17\nf 11 15 18\nf 11 18 14\nf 15 16 17\nf 15 17 13\nf 15 13 18\nf 25 19 21\nf 25 21 26\nf 23 24 27\nf 23 27 28\nf 20 23 28\nf 20 28 22\nf 24 25 26\nf 24 26 27\nf 35 29 31\nf 35 31 36\nf 37 33 34\nf 34 35 36\nf 36 37 34\nf 30 33 37\nf 30 37 32\nf 43 38 40\nf 43 40 44\nf 39 42 46\nf 39 46 41\nf 42 43 45\nf 42 45 46\nf 43 44 45\nf 56 47 49\nf 56 49 51\nf 54 55 52\nf 54 52 53\nf 48 54 53\nf 48 53 50\nf 55 56 51\nf 55 51 52\nf 57 60 59\nf 61 60 62\nf 59 58 57\nf 62 60 57\nf 63 65 66\nf 67 68 66\nf 65 63 64\nf 68 63 66\n", "Geometry": "\no Geo_STICK\nv 0.05 -0.2 -7.45058e-09\nv 0.05 0.2 -7.45058e-09\nv 0.025 -0.2 -0.0433013\nv 0.025 0.2 -0.0433013\nv 0.025 -0.0666667 -0.0433013\nv 0.025 0.0666667 -0.0433013\nv 0.05 0.1 -7.45058e-09\nv 0.05 0.0 -7.45058e-09\nv 0.05 -0.1 -7.45058e-09\nv 0.025 -0.2 -0.0433013\nv 0.025 0.2 -0.0433013\nv -0.025 -0.2 -0.0433013\nv -0.025 0.0 -0.0433013\nv -0.025 0.2 -0.0433013\nv 0.025 0.0666667 -0.0433013\nv 0.025 -0.0666667 -0.0433013\nv -0.025 -0.1 -0.0433013\nv -0.025 0.1 -0.0433013\nv -0.025 -0.2 -0.0433013\nv -0.025 0.2 -0.0433013\nv -0.05 -0.2 -7.45058e-09\nv -0.05 0.2 -7.45058e-09\nv -0.025 0.1 -0.0433013\nv -0.025 0.0 -0.0433013\nv -0.025 -0.1 -0.0433013\nv -0.05 -0.1 -7.45058e-09\nv -0.05 0.0 -7.45058e-09\nv -0.05 0.1 -7.45058e-09\nv -0.05 -0.2 -7.45058e-09\nv -0.05 0.2 -7.45058e-09\nv -0.025 -0.2 0.0433013\nv -0.025 0.2 0.0433013\nv -0.05 0.1 -7.45058e-09\nv -0.05 0.0 -7.45058e-09\nv -0.05 -0.1 -7.45058e-09\nv -0.025 -0.0666667 0.0433013\nv -0.025 0.0666667 0.0433013\nv -0.025 -0.2 0.0433013\nv -0.025 0.2 0.0433013\nv 0.025 -0.2 0.0433013\nv 0.025 0.2 0.0433013\nv -0.025 0.0666667 0.0433013\nv -0.025 -0.0666667 0.0433013\nv 0.025 -0.1 0.0433013\nv 0.025 0.0 0.0433013\nv 0.025 0.1 0.0433013\nv 0.025 -0.2 0.0433013\nv 0.025 0.2 0.0433013\nv 0.05 -0.2 -7.45058e-09\nv 0.05 0.2 -7.45058e-09\nv 0.05 -0.1 -7.45058e-09\nv 0.05 0.0 -7.45058e-09\nv 0.05 0.1 -7.45058e-09\nv 0.025 0.1 0.0433013\nv 0.025 0.0 0.0433013\nv 0.025 -0.1 0.0433013\nv 0.05 -0.2 -7.45058e-09\nv 0.025 -0.2 -0.0433013\nv -0.025 -0.2 -0.0433013\nv -0.05 -0.2 -7.45058e-09\nv -0.025 -0.2 0.0433013\nv 0.025 -0.2 0.0433013\nv 0.05 0.2 -7.45058e-09\nv 0.025 0.2 -0.0433013\nv -0.025 0.2 -0.0433013\nv -0.05 0.2 -7.45058e-09\nv -0.025 0.2 0.0433013\nv 0.025 0.2 0.0433013\nf 9 1 3\nf 9 3 5\nf 6 7 8\nf 8 9 5\nf 5 6 8\nf 2 7 6\nf 2 6 4\nf 16 10 12\nf 16 12 17\nf 11 15 18\nf 11 18 14\nf 15 16 17\nf 15 17 13\nf 15 13 18\nf 25 19 21\nf 25 21 26\nf 23 24 27\nf 23 27 28\nf 20 23 28\nf 20 28 22\nf 24 25 26\nf 24 26 27\nf 35 29 31\nf 35 31 36\nf 37 33 34\nf 34 35 36\nf 36 37 34\nf 30 33 37\nf 30 37 32\nf 43 38 40\nf 43 40 44\nf 39 42 46\nf 39 46 41\nf 42 43 45\nf 42 45 46\nf 43 44 45\nf 56 47 49\nf 56 49 51\nf 54 55 52\nf 54 52 53\nf 48 54 53\nf 48 53 50\nf 55 56 51\nf 55 51 52\nf 57 60 59\nf 61 60 62\nf 59 58 57\nf 62 60 57\nf 63 65 66\nf 67 68 66\nf 65 63 64\nf 68 63 66\n", "TemplateID": 0}, {"Connections": [{"ConType": "LONGSIDE", "PlaneYVecY": 0.0, "PlaneXVecY": 1.0, "PlaneXVecX": 0.0, "ConID": 0, "PlaneXVecZ": -5.2041704279304173e-16, "PlaneOriginZ": 0.02694792277235547, "PlaneYVecX": -1.0, "PlaneOriginX": 6.1848506316408702e-09, "PlaneOriginY": -0.0074915037079864577, "Part": "BRANCH", "PlaneYVecZ": 0.0}, {"ConType": "LONGSIDE", "PlaneYVecY": 3.8911201723131845e-17, "PlaneXVecY": -1.0, "PlaneXVecX": -2.2204460492503136e-16, "ConID": 1, "PlaneXVecZ": 8.3266726846886753e-17, "PlaneOriginZ": -0.038003982511477324, "PlaneYVecX": -0.49999999999999933, "PlaneOriginX": 0.03750000618485072, "PlaneOriginY": -0.10749150370798655, "Part": "BRANCH", "PlaneYVecZ": -0.86602540378443904}, {"ConType": "LONGSIDE", "PlaneYVecY": -5.0531952754118148e-16, "PlaneXVecY": -1.0, "PlaneXVecX": 1.0242830389687491e-16, "ConID": 2, "PlaneXVecZ": 5.2435572167785388e-16, "PlaneOriginZ": -0.038003982511477408, "PlaneYVecX": -0.50000000000000033, "PlaneOriginX": 0.03750000618485072, "PlaneOriginY": -0.0074915037079865687, "Part": "BRANCH", "PlaneYVecZ": -0.86602540378443849}, {"ConType": "LONGSIDE", "PlaneYVecY": 1.8369095307335654e-16, "PlaneXVecY": 1.0, "PlaneXVecX": -2.420769364103943e-16, "ConID": 3, "PlaneXVecZ": 7.234485800806156e-17, "PlaneOriginZ": -0.038003982511477352, "PlaneYVecX": 0.50000000000000011, "PlaneOriginX": -0.037499993815149457, "PlaneOriginY": -0.10749150370798655, "Part": "BRANCH", "PlaneYVecZ": -0.86602540378443849}, {"ConType": "LONGSIDE", "PlaneYVecY": 3.8285889215894375e-16, "PlaneXVecY": -1.0, "PlaneXVecX": -3.640121237327121e-18, "ConID": 4, "PlaneXVecZ": 4.3998574392296279e-16, "PlaneOriginZ": -0.038003982511477435, "PlaneYVecX": -0.500000000000001, "PlaneOriginX": -0.037499993815149457, "PlaneOriginY": -0.0074915037079865687, "Part": "BRANCH", "PlaneYVecZ": 0.86602540378443804}, {"ConType": "SHORTSIDE", "PlaneYVecY": 0.81649658092772481, "PlaneXVecY": 0.33333333333333454, "PlaneXVecX": -2.3314683517128287e-15, "ConID": 5, "PlaneXVecZ": 0.94280904158206291, "PlaneOriginZ": 0.0668714964865883, "PlaneYVecX": -0.50000000000000089, "PlaneOriginX": -0.037499993815149457, "PlaneOriginY": 0.079587577481873395, "Part": "BRANCH", "PlaneYVecZ": -0.28867513459481492}, {"ConType": "SHORTSIDE", "PlaneYVecY": 0.81649658092772681, "PlaneXVecY": -0.33333333333333348, "PlaneXVecX": 1.2212453270876724e-15, "ConID": 6, "PlaneXVecZ": -0.94280904158206325, "PlaneOriginZ": 0.0668714964865883, "PlaneYVecX": 0.49999999999999861, "PlaneOriginX": 0.03750000618485072, "PlaneOriginY": 0.079587577481873395, "Part": "BRANCH", "PlaneYVecZ": -0.2886751345948127}, {"ConType": "SHORTSIDE", "PlaneYVecY": 6.1679056923619687e-16, "PlaneXVecY": 0.33333333333333487, "PlaneXVecX": 0.0, "ConID": 7, "PlaneXVecZ": 0.94280904158206291, "PlaneOriginZ": 0.045220861391977285, "PlaneYVecX": 1.0, "PlaneOriginX": 6.1848506316408702e-09, "PlaneOriginY": 0.14082482105145278, "Part": "BRANCH", "PlaneYVecZ": -2.1806839703941388e-16}, {"ConType": "SHORTSIDE", "PlaneYVecY": -0.81649658092772692, "PlaneXVecY": -0.3333333333333301, "PlaneXVecX": -0.81649658092772648, "ConID": 8, "PlaneXVecZ": 0.47140452079103334, "PlaneOriginZ": -0.025489816726677439, "PlaneYVecX": -3.3759937390591536e-15, "PlaneOriginX": 0.090824835231236967, "PlaneOriginY": 0.079587577481873284, "Part": "BRANCH", "PlaneYVecZ": -0.57735026918962462}, {"ConType": "SHORTSIDE", "PlaneYVecY": -1.3507713466272741e-15, "PlaneXVecY": -0.33333333333333409, "PlaneXVecX": -0.81649658092772615, "ConID": 9, "PlaneXVecZ": 0.47140452079103118, "PlaneOriginZ": -0.047140451821288426, "PlaneYVecX": 0.5, "PlaneOriginX": 0.053324835231236989, "PlaneOriginY": 0.14082482105145278, "Part": "BRANCH", "PlaneYVecZ": 0.86602540378443871}, {"ConType": "SHORTSIDE", "PlaneYVecY": 0.8164965809277257, "PlaneXVecY": -0.3333333333333337, "PlaneXVecX": -0.81649658092772615, "ConID": 10, "PlaneXVecZ": 0.47140452079103151, "PlaneOriginZ": -0.090441722010510373, "PlaneYVecX": -0.50000000000000033, "PlaneOriginX": 0.053324835231236989, "PlaneOriginY": 0.079587577481873284, "Part": "BRANCH", "PlaneYVecZ": -0.28867513459481342}, {"ConType": "SHORTSIDE", "PlaneYVecY": 0.81649658092772648, "PlaneXVecY": -0.33333333333333248, "PlaneXVecX": 0.81649658092772637, "ConID": 11, "PlaneXVecZ": 0.47140452079103179, "PlaneOriginZ": -0.025489816726677439, "PlaneYVecX": -2.7755575615628914e-16, "PlaneOriginX": -0.090824822861535592, "PlaneOriginY": 0.079587577481873284, "Part": "BRANCH", "PlaneYVecZ": 0.57735026918962495}, {"ConType": "SHORTSIDE", "PlaneYVecY": 0.81649658092772559, "PlaneXVecY": 0.33333333333333226, "PlaneXVecX": -0.81649658092772603, "ConID": 12, "PlaneXVecZ": -0.47140452079103268, "PlaneOriginZ": -0.090441722010510373, "PlaneYVecX": 0.5, "PlaneOriginX": -0.053324822861535615, "PlaneOriginY": 0.079587577481873284, "Part": "BRANCH", "PlaneYVecZ": -0.28867513459481453}, {"ConType": "SHORTSIDE", "PlaneYVecY": -7.3089682454489479e-16, "PlaneXVecY": 0.33333333333333398, "PlaneXVecX": -0.81649658092772603, "ConID": 13, "PlaneXVecZ": -0.4714045207910314, "PlaneOriginZ": -0.047140451821288454, "PlaneYVecX": -0.5, "PlaneOriginX": -0.053324822861535615, "PlaneOriginY": 0.14082482105145266, "Part": "BRANCH", "PlaneYVecZ": 0.86602540378443871}, {"ConType": "END", "PlaneYVecY": 6.1181377655213894e-32, "PlaneXVecY": 4.9960036108132044e-16, "PlaneXVecX": 1.2246063538223773e-16, "ConID": 14, "PlaneXVecZ": 1.0, "PlaneOriginZ": -0.016353347416866365, "PlaneYVecX": -1.0, "PlaneOriginX": 6.1848506316408702e-09, "PlaneOriginY": -0.15749150370798654, "Part": "BRANCH", "PlaneYVecZ": 1.2246063538223773e-16}, {"ConType": "END", "PlaneYVecY": 0.81649658092772703, "PlaneXVecY": -0.4714045207910299, "PlaneXVecX": -0.28867513459481403, "ConID": 15, "PlaneXVecZ": -0.83333333333333404, "PlaneOriginZ": -0.077927556225710348, "PlaneYVecX": -0.49999999999999956, "PlaneOriginX": 0.10664966427762335, "PlaneOriginY": 0.1166666586717332, "Part": "BRANCH", "PlaneYVecZ": -0.28867513459481092}, {"ConType": "END", "PlaneYVecY": 1.2139058431044298e-16, "PlaneXVecY": -0.94280904158206302, "PlaneXVecX": -1.2246063538223773e-16, "ConID": 16, "PlaneXVecZ": 0.33333333333333454, "PlaneOriginZ": 0.10679507020082113, "PlaneYVecX": 1.0, "PlaneOriginX": 6.1848506316408702e-09, "PlaneOriginY": 0.1166666586717332, "Part": "BRANCH", "PlaneYVecZ": 7.1072632749915659e-16}, {"ConType": "END", "PlaneYVecY": -0.81649658092772559, "PlaneXVecY": -0.4714045207910324, "PlaneXVecX": 0.2886751345948132, "ConID": 17, "PlaneXVecZ": -0.8333333333333327, "PlaneOriginZ": -0.077927556225710348, "PlaneYVecX": -0.50000000000000067, "PlaneOriginX": -0.10664965190792186, "PlaneOriginY": 0.11666665867173309, "Part": "BRANCH", "PlaneYVecZ": 0.28867513459481314}], "Name": "BRANCH", "Probability": 0.69999999999999996, "Collider": "\no Col_BRANCH_0\nv 0.05 -0.157492 -0.0163534\nv 0.05 0.0425085 -0.0163534\nv 0.025 -0.157492 -0.0596546\nv 0.025 0.0425085 -0.0596546\nv 0.025 -0.0574915 -0.0596546\nv 0.05 -0.0574915 -0.0163534\nv 0.025 -0.157492 -0.0596546\nv 0.025 0.0425085 -0.0596546\nv -0.025 -0.157492 -0.0596546\nv -0.025 0.0425085 -0.0596546\nv 0.025 -0.0574915 -0.0596546\nv -0.025 -0.0908248 -0.0596546\nv -0.025 -0.0241582 -0.0596546\nv 0.0 0.0425085 -0.0596546\nv -0.025 -0.157492 -0.0596546\nv -0.025 0.0425085 -0.0596546\nv -0.05 -0.157492 -0.0163534\nv -0.05 0.0425085 -0.0163534\nv -0.025 -0.0241582 -0.0596546\nv -0.025 -0.0908248 -0.0596546\nv -0.05 -0.0908248 -0.0163534\nv -0.05 -0.0241582 -0.0163534\nv -0.05 -0.157492 -0.0163534\nv -0.05 0.0425085 -0.0163534\nv -0.025 -0.157492 0.0269479\nv -0.025 0.0425085 0.0269479\nv -0.05 -0.0241582 -0.0163534\nv -0.05 -0.0908248 -0.0163534\nv -0.025 -0.0574915 0.0269479\nv -0.0375 0.0425085 0.00529729\nv -0.025 -0.157492 0.0269479\nv -0.025 0.0425085 0.0269479\nv 0.025 -0.157492 0.0269479\nv 0.025 0.0425085 0.0269479\nv -0.025 -0.0574915 0.0269479\nv 0.025 -0.0574915 0.0269479\nv 0.0 0.0425085 0.0269479\nv 0.025 -0.157492 0.0269479\nv 0.025 0.0425085 0.0269479\nv 0.05 -0.157492 -0.0163534\nv 0.05 0.0425085 -0.0163534\nv 0.05 -0.0574915 -0.0163534\nv 0.025 -0.0574915 0.0269479\nv 0.0375 0.0425085 0.00529729\nv 0.05 -0.157492 -0.0163534\nv 0.025 -0.157492 -0.0596546\nv -0.025 -0.157492 -0.0596546\nv -0.05 -0.157492 -0.0163534\nv -0.025 -0.157492 0.0269479\nv 0.025 -0.157492 0.0269479\nv 0.05 0.0833333 0.0125142\nv 0.05 0.116667 0.106795\nv 0.0375 0.137079 0.0995782\nv 0.025 0.124158 -0.00191958\nv 0.025 0.157492 0.0923613\nv 0.0375 0.103746 0.00529729\nv 0.025 0.135269 0.0295074\nv 0.025 0.14638 0.0609343\nv 0.05 0.105556 0.0753681\nv 0.05 0.0944445 0.0439411\nv 0.025 0.124158 -0.00191958\nv 0.025 0.157492 0.0923613\nv -0.025 0.124158 -0.00191958\nv -0.025 0.157492 0.0923613\nv 0.025 0.14638 0.0609343\nv 0.025 0.135269 0.0295074\nv 0.0 0.124158 -0.00191958\nv -0.025 0.140825 0.0452209\nv -0.025 0.124158 -0.00191958\nv -0.025 0.157492 0.0923613\nv -0.05 0.0833333 0.0125142\nv -0.05 0.116667 0.106795\nv -0.025 0.140825 0.0452209\nv -0.05 0.0944445 0.0439411\nv -0.05 0.105556 0.0753681\nv -0.05 0.0833333 0.0125142\nv -0.05 0.116667 0.106795\nv -0.0375 0.0629209 0.019731\nv -0.0375 0.0962542 0.114012\nv -0.025 0.0425085 0.0269479\nv -0.025 0.0758418 0.121229\nv -0.05 0.105556 0.0753681\nv -0.05 0.0944445 0.0439411\nv -0.025 0.0536196 0.0583749\nv -0.025 0.0647307 0.0898019\nv -0.025 0.0425085 0.0269479\nv -0.025 0.0758418 0.121229\nv 0.025 0.0425085 0.0269479\nv 0.025 0.0758418 0.121229\nv 0.0 0.0425085 0.0269479\nv -0.025 0.0647307 0.0898019\nv -0.025 0.0536196 0.0583749\nv 0.025 0.0536196 0.0583749\nv 0.025 0.0647307 0.0898019\nv 0.0 0.0758418 0.121229\nv 0.025 0.0425085 0.0269479\nv 0.025 0.0758418 0.121229\nv 0.05 0.0833333 0.0125142\nv 0.05 0.116667 0.106795\nv 0.05 0.0944445 0.0439411\nv 0.05 0.105556 0.0753681\nv 0.025 0.0647307 0.0898019\nv 0.025 0.0536196 0.0583749\nv 0.0375 0.0629209 0.019731\nv 0.05 0.116667 0.106795\nv 0.0375 0.137079 0.0995782\nv 0.025 0.157492 0.0923613\nv -0.05 0.116667 0.106795\nv -0.025 0.157492 0.0923613\nv -0.0375 0.0962542 0.114012\nv -0.025 0.0758418 0.121229\nv 0.0 0.0758418 0.121229\nv 0.025 0.0758418 0.121229\nv 0.0 0.0833333 -0.0740884\nv 0.0816497 0.116667 -0.121229\nv 0.0 0.124158 -0.0452209\nv 0.0816497 0.157492 -0.0923613\nv 0.0408248 0.140825 -0.0687911\nv 0.0408248 0.1 -0.0976586\nv 0.0 0.124158 -0.0452209\nv 0.0816497 0.157492 -0.0923613\nv 0.0125 0.124158 -0.0235702\nv 0.025 0.124158 -0.00191958\nv 0.10665 0.157492 -0.04906\nv 0.0408248 0.140825 -0.0687911\nv 0.0658248 0.140825 -0.0254898\nv 0.025 0.124158 -0.00191958\nv 0.10665 0.157492 -0.04906\nv 0.05 0.0833333 0.0125142\nv 0.13165 0.116667 -0.0346263\nv 0.0375 0.103746 0.00529729\nv 0.0658248 0.140825 -0.0254898\nv 0.0772166 0.0944445 -0.00319932\nv 0.104433 0.105556 -0.0189128\nv 0.05 0.0833333 0.0125142\nv 0.13165 0.116667 -0.0346263\nv 0.13165 0.0962542 -0.04906\nv 0.05 0.0425085 -0.0163534\nv 0.13165 0.0758418 -0.0634938\nv 0.104433 0.105556 -0.0189128\nv 0.0772166 0.0944445 -0.00319932\nv 0.05 0.0629209 -0.00191958\nv 0.0772166 0.0536196 -0.0320668\nv 0.104433 0.0647307 -0.0477803\nv 0.05 0.0425085 -0.0163534\nv 0.13165 0.0758418 -0.0634938\nv 0.025 0.0425085 -0.0596546\nv 0.10665 0.0758418 -0.106795\nv 0.104433 0.0647307 -0.0477803\nv 0.0772166 0.0536196 -0.0320668\nv 0.0658248 0.0591752 -0.0832248\nv 0.025 0.0425085 -0.0596546\nv 0.10665 0.0758418 -0.106795\nv 0.0 0.0833333 -0.0740884\nv 0.0816497 0.116667 -0.121229\nv 0.0408248 0.1 -0.0976586\nv 0.0658248 0.0591752 -0.0832248\nv 0.0125 0.0629209 -0.0668715\nv 0.0816497 0.116667 -0.121229\nv 0.0816497 0.157492 -0.0923613\nv 0.10665 0.157492 -0.04906\nv 0.13165 0.116667 -0.0346263\nv 0.13165 0.0962542 -0.04906\nv 0.13165 0.0758418 -0.0634938\nv 0.10665 0.0758418 -0.106795\nv -0.05 0.0833333 0.0125142\nv -0.13165 0.116667 -0.0346263\nv -0.025 0.124158 -0.00191958\nv -0.10665 0.157492 -0.04906\nv -0.0658248 0.140825 -0.0254898\nv -0.0908248 0.1 -0.0110561\nv -0.025 0.124158 -0.00191958\nv -0.10665 0.157492 -0.04906\nv 0.0 0.124158 -0.0452209\nv -0.0816497 0.157492 -0.0923613\nv -0.0658248 0.140825 -0.0254898\nv -0.0125 0.124158 -0.0235702\nv -0.0408248 0.140825 -0.0687911\nv 0.0 0.124158 -0.0452209\nv -0.0816497 0.157492 -0.0923613\nv 0.0 0.0833333 -0.0740884\nv -0.0816497 0.116667 -0.121229\nv -0.0408248 0.140825 -0.0687911\nv -0.0408248 0.1 -0.0976586\nv 0.0 0.0833333 -0.0740884\nv -0.0816497 0.116667 -0.121229\nv -0.0125 0.0629209 -0.0668715\nv -0.025 0.0425085 -0.0596546\nv -0.10665 0.0758418 -0.106795\nv -0.0408248 0.1 -0.0976586\nv -0.0658248 0.0591752 -0.0832248\nv -0.025 0.0425085 -0.0596546\nv -0.10665 0.0758418 -0.106795\nv -0.05 0.0425085 -0.0163534\nv -0.13165 0.0758418 -0.0634938\nv -0.0658248 0.0591752 -0.0832248\nv -0.0908248 0.0591752 -0.0399236\nv -0.05 0.0425085 -0.0163534\nv -0.13165 0.0758418 -0.0634938\nv -0.05 0.0833333 0.0125142\nv -0.13165 0.116667 -0.0346263\nv -0.0908248 0.1 -0.0110561\nv -0.0908248 0.0591752 -0.0399236\nv -0.05 0.0629209 -0.00191958\nv -0.13165 0.116667 -0.0346263\nv -0.10665 0.157492 -0.04906\nv -0.0816497 0.157492 -0.0923613\nv -0.0816497 0.116667 -0.121229\nv -0.10665 0.0758418 -0.106795\nv -0.13165 0.0758418 -0.0634938\nv 0.025 0.124158 -0.00191958\nv 0.0 0.124158 -0.00191958\nv -0.025 0.124158 -0.00191958\nv 0.0 0.124158 -0.0452209\nv 0.0125 0.124158 -0.0235702\nv -0.0125 0.124158 -0.0235702\nv -0.025 0.0425085 0.0269479\nv -0.0375 0.0425085 0.00529729\nv -0.05 0.0425085 -0.0163534\nv -0.05 0.0833333 0.0125142\nv -0.0375 0.0629209 0.019731\nv -0.05 0.0629209 -0.00191958\nv -0.025 0.0425085 -0.0596546\nv 0.0 0.0425085 -0.0596546\nv 0.025 0.0425085 -0.0596546\nv 0.0125 0.0629209 -0.0668715\nv 0.0 0.0833333 -0.0740884\nv -0.0125 0.0629209 -0.0668715\nv 0.025 0.0425085 0.0269479\nv 0.0375 0.0425085 0.00529729\nv 0.05 0.0425085 -0.0163534\nv 0.05 0.0833333 0.0125142\nv 0.0375 0.0629209 0.019731\nv 0.05 0.0629209 -0.00191958\nf 6 1 3\nf 6 3 5\nf 2 6 5\nf 2 5 4\nf 12 14 11\nf 11 14 8\nf 11 7 9\nf 11 9 12\nf 14 13 10\nf 14 12 13\nf 20 15 17\nf 20 17 21\nf 16 19 22\nf 16 22 18\nf 19 20 21\nf 19 21 22\nf 25 28 23\nf 30 24 27\nf 27 28 30\nf 28 29 30\nf 29 26 30\nf 25 29 28\nf 35 31 33\nf 35 33 36\nf 37 32 35\nf 35 36 34\nf 35 34 37\nf 43 38 40\nf 43 40 42\nf 44 39 43\nf 43 42 44\nf 42 41 44\nf 46 48 47\nf 49 48 50\nf 48 46 45\nf 50 48 45\nf 60 51 56\nf 60 53 59\nf 59 53 52\nf 56 53 60\nf 57 58 56\nf 55 53 58\nf 58 53 56\nf 54 57 56\nf 67 66 61\nf 64 62 65\nf 65 66 67\nf 68 67 63\nf 68 64 65\nf 67 68 65\nf 73 69 71\nf 73 71 74\nf 70 73 75\nf 70 75 72\nf 73 74 75\nf 83 76 78\nf 83 79 82\nf 82 79 77\nf 78 79 83\nf 84 85 78\nf 81 79 85\nf 85 79 78\nf 80 84 78\nf 92 86 90\nf 91 92 93\nf 91 93 94\nf 91 95 87\nf 90 93 92\nf 89 95 94\nf 94 95 91\nf 88 93 90\nf 104 103 96\nf 97 102 101\nf 97 101 99\nf 102 103 104\nf 100 104 98\nf 104 100 101\nf 104 101 102\nf 110 106 108\nf 108 106 109\nf 112 110 111\nf 105 112 113\nf 106 107 109\nf 112 105 106\nf 112 106 110\nf 119 114 116\nf 119 116 118\nf 115 119 118\nf 115 118 117\nf 122 125 120\nf 122 121 125\nf 126 122 123\nf 122 126 124\nf 121 122 124\nf 132 127 131\nf 128 132 134\nf 128 134 130\nf 134 132 131\nf 131 129 133\nf 131 133 134\nf 141 135 142\nf 141 137 140\nf 140 137 136\nf 142 137 141\nf 142 143 137\nf 139 137 144\nf 143 144 137\nf 138 143 142\nf 147 150 145\nf 151 149 150\nf 151 148 146\nf 151 146 149\nf 147 151 150\nf 158 157 152\nf 153 157 156\nf 153 156 155\nf 156 158 154\nf 158 156 157\nf 163 165 159\nf 160 161 159\nf 159 162 163\nf 163 164 165\nf 162 159 161\nf 171 166 168\nf 171 168 170\nf 167 171 170\nf 167 170 169\nf 177 176 172\nf 177 173 176\nf 178 177 174\nf 177 178 175\nf 173 177 175\nf 183 179 181\nf 183 181 184\nf 180 183 184\nf 180 184 182\nf 187 190 185\nf 187 186 190\nf 191 187 188\nf 187 191 189\nf 186 187 189\nf 196 192 194\nf 196 194 197\nf 193 196 197\nf 193 197 195\nf 204 203 198\nf 199 203 202\nf 199 202 201\nf 202 204 200\nf 204 202 203\nf 205 207 208\nf 209 210 208\nf 206 207 205\nf 210 205 208\nf 212 216 213\nf 215 216 212\nf 216 215 214\nf 212 211 215\nf 221 218 217\nf 222 218 221\nf 221 220 222\nf 218 222 219\nf 224 223 228\nf 226 228 227\nf 226 225 224\nf 228 226 224\nf 233 229 230\nf 234 233 230\nf 233 234 232\nf 230 231 234\n", "Geometry": "\no Geo_BRANCH\nv 0.05 -0.157492 -0.0163534\nv 0.05 0.0425085 -0.0163534\nv 0.025 -0.157492 -0.0596546\nv 0.025 0.0425085 -0.0596546\nv 0.025 -0.0574915 -0.0596546\nv 0.05 -0.0574915 -0.0163534\nv 0.025 -0.157492 -0.0596546\nv 0.025 0.0425085 -0.0596546\nv -0.025 -0.157492 -0.0596546\nv -0.025 0.0425085 -0.0596546\nv 0.025 -0.0574915 -0.0596546\nv -0.025 -0.0908248 -0.0596546\nv -0.025 -0.0241582 -0.0596546\nv 0.0 0.0425085 -0.0596546\nv -0.025 -0.157492 -0.0596546\nv -0.025 0.0425085 -0.0596546\nv -0.05 -0.157492 -0.0163534\nv -0.05 0.0425085 -0.0163534\nv -0.025 -0.0241582 -0.0596546\nv -0.025 -0.0908248 -0.0596546\nv -0.05 -0.0908248 -0.0163534\nv -0.05 -0.0241582 -0.0163534\nv -0.05 -0.157492 -0.0163534\nv -0.05 0.0425085 -0.0163534\nv -0.025 -0.157492 0.0269479\nv -0.025 0.0425085 0.0269479\nv -0.05 -0.0241582 -0.0163534\nv -0.05 -0.0908248 -0.0163534\nv -0.025 -0.0574915 0.0269479\nv -0.0375 0.0425085 0.00529729\nv -0.025 -0.157492 0.0269479\nv -0.025 0.0425085 0.0269479\nv 0.025 -0.157492 0.0269479\nv 0.025 0.0425085 0.0269479\nv -0.025 -0.0574915 0.0269479\nv 0.025 -0.0574915 0.0269479\nv 0.0 0.0425085 0.0269479\nv 0.025 -0.157492 0.0269479\nv 0.025 0.0425085 0.0269479\nv 0.05 -0.157492 -0.0163534\nv 0.05 0.0425085 -0.0163534\nv 0.05 -0.0574915 -0.0163534\nv 0.025 -0.0574915 0.0269479\nv 0.0375 0.0425085 0.00529729\nv 0.05 -0.157492 -0.0163534\nv 0.025 -0.157492 -0.0596546\nv -0.025 -0.157492 -0.0596546\nv -0.05 -0.157492 -0.0163534\nv -0.025 -0.157492 0.0269479\nv 0.025 -0.157492 0.0269479\nv 0.05 0.0833333 0.0125142\nv 0.05 0.116667 0.106795\nv 0.0375 0.137079 0.0995782\nv 0.025 0.124158 -0.00191958\nv 0.025 0.157492 0.0923613\nv 0.0375 0.103746 0.00529729\nv 0.025 0.135269 0.0295074\nv 0.025 0.14638 0.0609343\nv 0.05 0.105556 0.0753681\nv 0.05 0.0944445 0.0439411\nv 0.025 0.124158 -0.00191958\nv 0.025 0.157492 0.0923613\nv -0.025 0.124158 -0.00191958\nv -0.025 0.157492 0.0923613\nv 0.025 0.14638 0.0609343\nv 0.025 0.135269 0.0295074\nv 0.0 0.124158 -0.00191958\nv -0.025 0.140825 0.0452209\nv -0.025 0.124158 -0.00191958\nv -0.025 0.157492 0.0923613\nv -0.05 0.0833333 0.0125142\nv -0.05 0.116667 0.106795\nv -0.025 0.140825 0.0452209\nv -0.05 0.0944445 0.0439411\nv -0.05 0.105556 0.0753681\nv -0.05 0.0833333 0.0125142\nv -0.05 0.116667 0.106795\nv -0.0375 0.0629209 0.019731\nv -0.0375 0.0962542 0.114012\nv -0.025 0.0425085 0.0269479\nv -0.025 0.0758418 0.121229\nv -0.05 0.105556 0.0753681\nv -0.05 0.0944445 0.0439411\nv -0.025 0.0536196 0.0583749\nv -0.025 0.0647307 0.0898019\nv -0.025 0.0425085 0.0269479\nv -0.025 0.0758418 0.121229\nv 0.025 0.0425085 0.0269479\nv 0.025 0.0758418 0.121229\nv 0.0 0.0425085 0.0269479\nv -0.025 0.0647307 0.0898019\nv -0.025 0.0536196 0.0583749\nv 0.025 0.0536196 0.0583749\nv 0.025 0.0647307 0.0898019\nv 0.0 0.0758418 0.121229\nv 0.025 0.0425085 0.0269479\nv 0.025 0.0758418 0.121229\nv 0.05 0.0833333 0.0125142\nv 0.05 0.116667 0.106795\nv 0.05 0.0944445 0.0439411\nv 0.05 0.105556 0.0753681\nv 0.025 0.0647307 0.0898019\nv 0.025 0.0536196 0.0583749\nv 0.0375 0.0629209 0.019731\nv 0.05 0.116667 0.106795\nv 0.0375 0.137079 0.0995782\nv 0.025 0.157492 0.0923613\nv -0.05 0.116667 0.106795\nv -0.025 0.157492 0.0923613\nv -0.0375 0.0962542 0.114012\nv -0.025 0.0758418 0.121229\nv 0.0 0.0758418 0.121229\nv 0.025 0.0758418 0.121229\nv 0.0 0.0833333 -0.0740884\nv 0.0816497 0.116667 -0.121229\nv 0.0 0.124158 -0.0452209\nv 0.0816497 0.157492 -0.0923613\nv 0.0408248 0.140825 -0.0687911\nv 0.0408248 0.1 -0.0976586\nv 0.0 0.124158 -0.0452209\nv 0.0816497 0.157492 -0.0923613\nv 0.0125 0.124158 -0.0235702\nv 0.025 0.124158 -0.00191958\nv 0.10665 0.157492 -0.04906\nv 0.0408248 0.140825 -0.0687911\nv 0.0658248 0.140825 -0.0254898\nv 0.025 0.124158 -0.00191958\nv 0.10665 0.157492 -0.04906\nv 0.05 0.0833333 0.0125142\nv 0.13165 0.116667 -0.0346263\nv 0.0375 0.103746 0.00529729\nv 0.0658248 0.140825 -0.0254898\nv 0.0772166 0.0944445 -0.00319932\nv 0.104433 0.105556 -0.0189128\nv 0.05 0.0833333 0.0125142\nv 0.13165 0.116667 -0.0346263\nv 0.13165 0.0962542 -0.04906\nv 0.05 0.0425085 -0.0163534\nv 0.13165 0.0758418 -0.0634938\nv 0.104433 0.105556 -0.0189128\nv 0.0772166 0.0944445 -0.00319932\nv 0.05 0.0629209 -0.00191958\nv 0.0772166 0.0536196 -0.0320668\nv 0.104433 0.0647307 -0.0477803\nv 0.05 0.0425085 -0.0163534\nv 0.13165 0.0758418 -0.0634938\nv 0.025 0.0425085 -0.0596546\nv 0.10665 0.0758418 -0.106795\nv 0.104433 0.0647307 -0.0477803\nv 0.0772166 0.0536196 -0.0320668\nv 0.0658248 0.0591752 -0.0832248\nv 0.025 0.0425085 -0.0596546\nv 0.10665 0.0758418 -0.106795\nv 0.0 0.0833333 -0.0740884\nv 0.0816497 0.116667 -0.121229\nv 0.0408248 0.1 -0.0976586\nv 0.0658248 0.0591752 -0.0832248\nv 0.0125 0.0629209 -0.0668715\nv 0.0816497 0.116667 -0.121229\nv 0.0816497 0.157492 -0.0923613\nv 0.10665 0.157492 -0.04906\nv 0.13165 0.116667 -0.0346263\nv 0.13165 0.0962542 -0.04906\nv 0.13165 0.0758418 -0.0634938\nv 0.10665 0.0758418 -0.106795\nv -0.05 0.0833333 0.0125142\nv -0.13165 0.116667 -0.0346263\nv -0.025 0.124158 -0.00191958\nv -0.10665 0.157492 -0.04906\nv -0.0658248 0.140825 -0.0254898\nv -0.0908248 0.1 -0.0110561\nv -0.025 0.124158 -0.00191958\nv -0.10665 0.157492 -0.04906\nv 0.0 0.124158 -0.0452209\nv -0.0816497 0.157492 -0.0923613\nv -0.0658248 0.140825 -0.0254898\nv -0.0125 0.124158 -0.0235702\nv -0.0408248 0.140825 -0.0687911\nv 0.0 0.124158 -0.0452209\nv -0.0816497 0.157492 -0.0923613\nv 0.0 0.0833333 -0.0740884\nv -0.0816497 0.116667 -0.121229\nv -0.0408248 0.140825 -0.0687911\nv -0.0408248 0.1 -0.0976586\nv 0.0 0.0833333 -0.0740884\nv -0.0816497 0.116667 -0.121229\nv -0.0125 0.0629209 -0.0668715\nv -0.025 0.0425085 -0.0596546\nv -0.10665 0.0758418 -0.106795\nv -0.0408248 0.1 -0.0976586\nv -0.0658248 0.0591752 -0.0832248\nv -0.025 0.0425085 -0.0596546\nv -0.10665 0.0758418 -0.106795\nv -0.05 0.0425085 -0.0163534\nv -0.13165 0.0758418 -0.0634938\nv -0.0658248 0.0591752 -0.0832248\nv -0.0908248 0.0591752 -0.0399236\nv -0.05 0.0425085 -0.0163534\nv -0.13165 0.0758418 -0.0634938\nv -0.05 0.0833333 0.0125142\nv -0.13165 0.116667 -0.0346263\nv -0.0908248 0.1 -0.0110561\nv -0.0908248 0.0591752 -0.0399236\nv -0.05 0.0629209 -0.00191958\nv -0.13165 0.116667 -0.0346263\nv -0.10665 0.157492 -0.04906\nv -0.0816497 0.157492 -0.0923613\nv -0.0816497 0.116667 -0.121229\nv -0.10665 0.0758418 -0.106795\nv -0.13165 0.0758418 -0.0634938\nv 0.025 0.124158 -0.00191958\nv 0.0 0.124158 -0.00191958\nv -0.025 0.124158 -0.00191958\nv 0.0 0.124158 -0.0452209\nv 0.0125 0.124158 -0.0235702\nv -0.0125 0.124158 -0.0235702\nv -0.025 0.0425085 0.0269479\nv -0.0375 0.0425085 0.00529729\nv -0.05 0.0425085 -0.0163534\nv -0.05 0.0833333 0.0125142\nv -0.0375 0.0629209 0.019731\nv -0.05 0.0629209 -0.00191958\nv -0.025 0.0425085 -0.0596546\nv 0.0 0.0425085 -0.0596546\nv 0.025 0.0425085 -0.0596546\nv 0.0125 0.0629209 -0.0668715\nv 0.0 0.0833333 -0.0740884\nv -0.0125 0.0629209 -0.0668715\nv 0.025 0.0425085 0.0269479\nv 0.0375 0.0425085 0.00529729\nv 0.05 0.0425085 -0.0163534\nv 0.05 0.0833333 0.0125142\nv 0.0375 0.0629209 0.019731\nv 0.05 0.0629209 -0.00191958\nf 6 1 3\nf 6 3 5\nf 2 6 5\nf 2 5 4\nf 12 14 11\nf 11 14 8\nf 11 7 9\nf 11 9 12\nf 14 13 10\nf 14 12 13\nf 20 15 17\nf 20 17 21\nf 16 19 22\nf 16 22 18\nf 19 20 21\nf 19 21 22\nf 25 28 23\nf 30 24 27\nf 27 28 30\nf 28 29 30\nf 29 26 30\nf 25 29 28\nf 35 31 33\nf 35 33 36\nf 37 32 35\nf 35 36 34\nf 35 34 37\nf 43 38 40\nf 43 40 42\nf 44 39 43\nf 43 42 44\nf 42 41 44\nf 46 48 47\nf 49 48 50\nf 48 46 45\nf 50 48 45\nf 60 51 56\nf 60 53 59\nf 59 53 52\nf 56 53 60\nf 57 58 56\nf 55 53 58\nf 58 53 56\nf 54 57 56\nf 67 66 61\nf 64 62 65\nf 65 66 67\nf 68 67 63\nf 68 64 65\nf 67 68 65\nf 73 69 71\nf 73 71 74\nf 70 73 75\nf 70 75 72\nf 73 74 75\nf 83 76 78\nf 83 79 82\nf 82 79 77\nf 78 79 83\nf 84 85 78\nf 81 79 85\nf 85 79 78\nf 80 84 78\nf 92 86 90\nf 91 92 93\nf 91 93 94\nf 91 95 87\nf 90 93 92\nf 89 95 94\nf 94 95 91\nf 88 93 90\nf 104 103 96\nf 97 102 101\nf 97 101 99\nf 102 103 104\nf 100 104 98\nf 104 100 101\nf 104 101 102\nf 110 106 108\nf 108 106 109\nf 112 110 111\nf 105 112 113\nf 106 107 109\nf 112 105 106\nf 112 106 110\nf 119 114 116\nf 119 116 118\nf 115 119 118\nf 115 118 117\nf 122 125 120\nf 122 121 125\nf 126 122 123\nf 122 126 124\nf 121 122 124\nf 132 127 131\nf 128 132 134\nf 128 134 130\nf 134 132 131\nf 131 129 133\nf 131 133 134\nf 141 135 142\nf 141 137 140\nf 140 137 136\nf 142 137 141\nf 142 143 137\nf 139 137 144\nf 143 144 137\nf 138 143 142\nf 147 150 145\nf 151 149 150\nf 151 148 146\nf 151 146 149\nf 147 151 150\nf 158 157 152\nf 153 157 156\nf 153 156 155\nf 156 158 154\nf 158 156 157\nf 163 165 159\nf 160 161 159\nf 159 162 163\nf 163 164 165\nf 162 159 161\nf 171 166 168\nf 171 168 170\nf 167 171 170\nf 167 170 169\nf 177 176 172\nf 177 173 176\nf 178 177 174\nf 177 178 175\nf 173 177 175\nf 183 179 181\nf 183 181 184\nf 180 183 184\nf 180 184 182\nf 187 190 185\nf 187 186 190\nf 191 187 188\nf 187 191 189\nf 186 187 189\nf 196 192 194\nf 196 194 197\nf 193 196 197\nf 193 197 195\nf 204 203 198\nf 199 203 202\nf 199 202 201\nf 202 204 200\nf 204 202 203\nf 205 207 208\nf 209 210 208\nf 206 207 205\nf 210 205 208\nf 212 216 213\nf 215 216 212\nf 216 215 214\nf 212 211 215\nf 221 218 217\nf 222 218 221\nf 221 220 222\nf 218 222 219\nf 224 223 228\nf 226 228 227\nf 226 225 224\nf 228 226 224\nf 233 229 230\nf 234 233 230\nf 233 234 232\nf 230 231 234\n", "TemplateID": 1}], "AdditionalGeometry": []}